Company,Ticker,Sector,Market Cap (USD tn),Employees,CEO,CEO Tenure (yrs),TTM Revenue (USD bn),1Y Stock Change (%),Hiring Signal (0-100),Leadership Stability (0-100),Revenue / Employee ($k),Prototype Narrative Hook,Market Cap Source,Employees Source,CEO Source,Revenue Source
NVIDIA,NVDA,Semiconductors,4.9,36000,Jensen Huang,33,148.5,175,88,100,4125,AI hiring wave + long-tenure founder + strong market momentum,https://companiesmarketcap.com/,https://companiesmarketcap.com/tech/largest-tech-companies-by-number-of-employees/,https://www.nvidia.com/en-us/about-nvidia/leadership/,https://companiesmarketcap.com/
Alphabet,GOOG,Internet / AI,4.1,183323,Sundar Pichai,7,371.9,42,76,42,2029,Large-scale platform with stable leadership and broad operating leverage,https://companiesmarketcap.com/,https://abc.xyz/investor/,https://abc.xyz/investor/other/leadership-governance/,https://companiesmarketcap.com/
Apple,AAPL,Consumer Tech,3.97,164000,Tim Cook,14,435.6,18,42,84,2656,Highly mature operator with slower hiring and strong revenue per employee,https://companiesmarketcap.com/apple/marketcap/,https://investor.apple.com/,https://www.apple.com/leadership/tim-cook/,https://companiesmarketcap.com/
Microsoft,MSFT,Software / Cloud,3.14,228000,Satya Nadella,12,305.5,18,65,72,1340,Steady cloud-growth story with durable management continuity,https://companiesmarketcap.com/microsoft/marketcap/,https://www.microsoft.com/en-us/Investor/,https://news.microsoft.com/exec/satya-nadella/,https://companiesmarketcap.com/microsoft/revenue/
Amazon,AMZN,E-commerce / Cloud,2.56,1546000,Andy Jassy,5,684,29,72,30,442,"Very large workforce, margin improvement story, active business experimentation",https://companiesmarketcap.com/,https://companiesmarketcap.com/tech/largest-tech-companies-by-number-of-employees/,https://www.aboutamazon.com/about-us/leadership,https://www.macrotrends.net/stocks/charts/AMZN/amazon/revenue
Broadcom,AVGO,Semiconductors / Infra,1.69,37000,Hock Tan,19,62.5,58,54,100,1689,"Consolidator story: lean workforce, long-tenure CEO, strong profitability",https://companiesmarketcap.com/,https://investors.broadcom.com/,https://www.broadcom.com/company/leadership/hock-tan,https://www.macrotrends.net/stocks/charts/AVGO/broadcom/revenue
Meta Platforms,META,Social / AI,1.53,74347,Mark Zuckerberg,22,170.4,65,61,100,2292,"Founder-led platform company, improving efficiency after prior restructuring",https://companiesmarketcap.com/,https://investor.atmeta.com/,https://about.meta.com/media-gallery/executives/,https://www.macrotrends.net/stocks/charts/META/meta-platforms/revenue
Tesla,TSLA,EV / Energy,1.32,125665,Elon Musk,18,95.7,-12,57,100,762,High-volatility operating story with concentrated leadership and visible execution bets,https://companiesmarketcap.com/,https://www.statista.com/statistics/314768/number-of-tesla-employees/,https://ir.tesla.com/corporate,https://www.macrotrends.net/stocks/charts/TSLA/tesla/revenue
Costco,COST,Retail,0.44,333000,Ron Vachris,2,265.2,36,45,12,796,High-retention operator where people metrics and productivity are central,https://companiesmarketcap.com/,https://investor.costco.com/,https://investor.costco.com/corporate-governance/management/default.aspx,https://www.macrotrends.net/stocks/charts/COST/costco/revenue
Netflix,NFLX,Streaming,0.35,14000,Greg Peters,3,42.3,91,51,18,3021,"Compact workforce, strong revenue per employee, transition into ad-supported growth",https://companiesmarketcap.com/,https://www.statista.com/statistics/637201/number-of-netflix-employees/,https://about.netflix.com/en/leadership,https://companiesmarketcap.com/netflix/revenue/
